2023-09-25T21:45:49.981Z,"test","{"id":"chatcmpl-82ngjZZtYc63Kl3yavrCYXMIph443";"object":"chat.completion";"created":1695678349;"model":"ft:gpt-3.5-turbo-0613:pivot-research::82PZVBlQ";"choices":[{"index":0;"message":{"role":"assistant";"content":"Prompt: Act as the input expert AI Prompt Engineer. Can you optimize the input input prompt? \n\n**Prompt Suggestions: \n- Feel free to input specify the input type of test you'd like to conduct for more targeted guidance.** \n\n**Good User Practices:**\n- The input input prompt is straightforward; making the input task easy to understand."};"finish_reason":"stop"}];"usage":{"prompt_tokens":146;"completion_tokens":70;"total_tokens":216}}"
2023-09-25T21:49:25.518Z,"I would like to add some sort of indicator after a button has been pushed on my react app. I am thinking a progress spinning icon; or a quick popup that fills the screen saying "Your Prompt is being AI Optimized; please hang tight..." or something similar. Any suggestions on how to go about that?","{"id":"chatcmpl-82nkCSJvPYI8NnTrZAVumyCf1kUxD";"object":"chat.completion";"created":1695678564;"model":"ft:gpt-3.5-turbo-0613:pivot-research::82PZVBlQ";"choices":[{"index":0;"message":{"role":"assistant";"content":"Prompt: Act as a frontend development coach. I want to display an indicator after a button press on my react app; either a progress spinning icon or a fullscreen popup with text. How can I implement this?\n\n**Prompt Suggestions:**\n- Consider mentioning the technologies; such as React; that you are using for more targeted advice.\n\n**Good User Practices:**\n- Providing a specific use case (button press) helps in guiding the input solutions you may receive."};"finish_reason":"stop"}];"usage":{"prompt_tokens":208;"completion_tokens":92;"total_tokens":300}}"
2023-09-25T21:52:35.364Z,"I think a simple greyscale spinning circle element displayed over the center of the viewfinder window would be perfect. Can you help impliment this into my app?","{"id":"chatcmpl-82nnGhKzDBxImPfLNtoPfS1DnnD4u";"object":"chat.completion";"created":1695678754;"model":"ft:gpt-3.5-turbo-0613:pivot-research::82PZVBlQ";"choices":[{"index":0;"message":{"role":"assistant";"content":"Prompt: Act as a software engineer. I have an app and I envision a simple greyscale spinning circle element displayed at the center of the viewfinder window. How can you assist me in implementing this?\n\n**Prompt Suggestions: \n- Consider providing the programming language or platform your app is built on for more targeted guidance."};"finish_reason":"stop"}];"usage":{"prompt_tokens":177;"completion_tokens":64;"total_tokens":241}}"
2023-09-25T22:09:03.337Z,"test prompt for app","{"id":"chatcmpl-82o3C7XQJ76IBOHsxZXPUzWN5nAXu";"object":"chat.completion";"created":1695679742;"model":"ft:gpt-3.5-turbo-0613:pivot-research::82PZVBlQ";"choices":[{"index":0;"message":{"role":"assistant";"content":"Prompt: Act as a software quality assurance expert. I need a test prompt for an app.\n\n**Good User Practices:**\n- Specifying the domain of expertise ('software quality assurance') aids in crafting a relevant prompt.\n\n**Future Prompt Suggestions:**\n- Indicate whether you want a functional or a performance-oriented test prompt.\n- State the type of app (mobile; web; etc.) for a more tailored suggestion."};"finish_reason":"stop"}];"usage":{"prompt_tokens":149;"completion_tokens":84;"total_tokens":233}}"
2023-09-25T22:11:45.456Z,"test prompt for app","{"id":"chatcmpl-82o5oyTjMvwdVFEbHLs8U7Z1SzdJO";"object":"chat.completion";"created":1695679904;"model":"ft:gpt-3.5-turbo-0613:pivot-research::82PZVBlQ";"choices":[{"index":0;"message":{"role":"assistant";"content":"Prompt: Can you write a test prompt for a mobile app?\n\n**Prompt Suggestions:**\n- Please specify the type of mobile app (e.g.; gaming; social media) for a more targeted test prompt."};"finish_reason":"stop"}];"usage":{"prompt_tokens":149;"completion_tokens":42;"total_tokens":191}}"
2023-09-25T22:11:46.141Z,"Prompt: Can you write a test prompt for a mobile app?;;**Prompt Suggestions:**;- Please specify the type of mobile app (e.g.; gaming; social media) for a more targeted test prompt.","{"id":"chatcmpl-82o5pTbotKh02LUQeqjU59G2Lx68B";"object":"chat.completion";"created":1695679905;"model":"ft:gpt-3.5-turbo-0613:pivot-research::82PZVBlQ";"choices":[{"index":0;"message":{"role":"assistant";"content":"Prompt: Act as a QA tester for a mobile app. Can you provide a test input prompt for a gaming app with a multiplayer feature?\n\n**Prompt Suggestions:**\n- Consider identifying specific functionalities or areas of the input app you want to focus on."};"finish_reason":"stop"}];"usage":{"prompt_tokens":187;"completion_tokens":50;"total_tokens":237}}"
2023-09-25T22:12:34.888Z,"fa la la la la","{"id":"chatcmpl-82o6c7mtvRfolkYcRqqbTNOZycMyk";"object":"chat.completion";"created":1695679954;"model":"ft:gpt-3.5-turbo-0613:pivot-research::82PZVBlQ";"choices":[{"index":0;"message":{"role":"assistant";"content":"Prompt: Act as a professional lyricist. Can you turn 'la la la la' into a holiday-themed song? \n\n**Prompt Suggestions:** Providing more specific instructions or details about what 'holiday' you are referring to can result in a more targeted response."};"finish_reason":"stop"}];"usage":{"prompt_tokens":150;"completion_tokens":52;"total_tokens":202}}"
2023-09-25T22:12:35.862Z,"Prompt: Act as a professional lyricist. Can you turn 'la la la la' into a holiday-themed song? ;;**Prompt Suggestions:** Providing more specific instructions or details about what 'holiday' you are referring to can result in a more targeted response.","{"id":"chatcmpl-82o6dwR3Exy6ydYlM03dIjdIfG1sr";"object":"chat.completion";"created":1695679955;"model":"ft:gpt-3.5-turbo-0613:pivot-research::82PZVBlQ";"choices":[{"index":0;"message":{"role":"assistant";"content":"Prompt: Act as a professional lyricist. Can you turn the input phrase 'la la la la' into a [good_user_practices] holiday-themed song?\n\n**Prompt Suggestions:**\n- You may want to specify the input holiday you want the input song to be about."};"finish_reason":"stop"}];"usage":{"prompt_tokens":197;"completion_tokens":56;"total_tokens":253}}"
2023-09-25T22:19:53.561Z,"tes prompt","{"id":"chatcmpl-82oDgIPGQnIntAjvi6An9HpSrBgSh";"object":"chat.completion";"created":1695680392;"model":"ft:gpt-3.5-turbo-0613:pivot-research::82PZVBlQ";"choices":[{"index":0;"message":{"role":"assistant";"content":"Prompt: Act as a language model specialist. Please evaluate and optimize the following input prompt.\n\n**Prompt: Act as a language model expert.**\n\n**Can you evaluate and optimize the following input prompt:**\n\n**Act as a language model expert. How can the following input prompt be improved?**\n\n\nGood user practices:\n- Specifying the role (language model expert) helps in tailoring the type of evaluation.\n- Providing the input prompt in the input question adds context.\n\nFuture prompt suggestions:\n- You can ask for more specific areas to focus on (grammar; fluency; etc.).\n- Mention what you plan to use the output for to guide the input optimization."};"finish_reason":"stop"}];"usage":{"prompt_tokens":147;"completion_tokens":135;"total_tokens":282}}"
2023-09-25T22:25:56.935Z,"I run a dog farm and I want some content for my site. I want a blog post on the health benefirs of a raw diet for dogs","{"id":"chatcmpl-82oJYHlE5CYk0lCIunjporQ5imThL";"object":"chat.completion";"created":1695680756;"model":"ft:gpt-3.5-turbo-0613:pivot-research::82PZVBlQ";"choices":[{"index":0;"message":{"role":"assistant";"content":"Prompt: Act as a professional content writer. I operate a dog farm and need content for my website. Can you provide a blog post on the input health benefits of a raw diet for dogs?\n\n**Prompt Suggestions:**\n- Consider specifying the input word count or the input structure of the input blog post for more targeted input content."};"finish_reason":"stop"}];"usage":{"prompt_tokens":175;"completion_tokens":66;"total_tokens":241}}"
2023-09-25T22:28:14.793Z,"I run a dog farm and I want some content for my site. I want a blog post on the health benefirs of regular exercise","{"id":"chatcmpl-82oLmC9WVmu5rQygcclKRuy10KyAB";"object":"chat.completion";"created":1695680894;"model":"ft:gpt-3.5-turbo-0613:pivot-research::82PZVBlQ";"choices":[{"index":0;"message":{"role":"assistant";"content":"Prompt: Act as a professional content writer. I am a dog farm owner and I need content for my website. Can you generate a blog post on the input health benefits of regular exercise for dogs?\n\n**Prompt Suggestions:**\n- Consider specifying a word count or providing subheadings for a more focused blog post."};"finish_reason":"stop"}];"usage":{"prompt_tokens":172;"completion_tokens":63;"total_tokens":235}}"
2023-09-25T22:29:05.264Z,"I run a dog farm and I want some content for my site. I want a blog post on the best practices for a happy and healthy pet","{"id":"chatcmpl-82oMa9ooSZs5rv3YdNQcV2Q4SvSQc";"object":"chat.completion";"created":1695680944;"model":"ft:gpt-3.5-turbo-0613:pivot-research::82PZVBlQ";"choices":[{"index":0;"message":{"role":"assistant";"content":"Prompt: Act as a pet care consultant. As the owner of a dog farm; I need a blog post for my website. Can you write a post on the blog post on the Prompt: Act as a pet care consultant. As the owner of a dog farm; I need a blog post for my website. Can you write a post on the blog post on the best practices for ensuring a happy and healthy life for pets?\n\n**Prompt Suggestions:**\n- Consider specifying the type of pets you focus on at your dog farm for a more relevant blog post."};"finish_reason":"stop"}];"usage":{"prompt_tokens":174;"completion_tokens":112;"total_tokens":286}}"
